{
    "model_name": "Random Forest",
    "trained_at": "2026-07-16T16:33:26.507427+00:00",
    "feature_columns": [
        "Air temperature [K]",
        "Process temperature [K]",
        "Rotational speed [rpm]",
        "Torque [Nm]",
        "Tool wear [min]"
    ],
    "metrics": {
        "logistic_regression": {
            "accuracy": 0.821,
            "precision": 0.14108910891089108,
            "recall": 0.8382352941176471,
            "f1_score": 0.24152542372881355,
            "roc_auc": 0.907974059188893
        },
        "random_forest": {
            "accuracy": 0.9505,
            "precision": 0.3959731543624161,
            "recall": 0.8676470588235294,
            "f1_score": 0.543778801843318,
            "roc_auc": 0.9719431250761174
        },
        "selected_model": {
            "accuracy": 0.9505,
            "precision": 0.3959731543624161,
            "recall": 0.8676470588235294,
            "f1_score": 0.543778801843318,
            "roc_auc": 0.9719431250761174
        }
    },
    "confusion_matrix": [
        [
            1842,
            90
        ],
        [
            9,
            59
        ]
    ],
    "feature_importance": {
        "Torque [Nm]": 0.3407109759377637,
        "Rotational speed [rpm]": 0.31958349882894593,
        "Tool wear [min]": 0.22519445480036065,
        "Air temperature [K]": 0.07427360618591014,
        "Process temperature [K]": 0.04023746424701965
    },
    "risk_thresholds": {
        "low_max": 0.3,
        "medium_max": 0.7
    }
}